SKU,Store
100024102298,罗马仕京东自营旗舰店
100096418777,小米京东自营旗舰店
100097634241,CUKTECH酷态科京东自营旗舰店
100073745484,罗马仕京东自营旗舰店
100140584252,倍思（Baseus）京东自营旗舰店
100105445886,绿联（UGREEN）京东自营旗舰店
100200931898,罗马仕京东自营旗舰店
100157733819,罗马仕京东自营旗舰店
100199404088,CUKTECH酷态科京东自营旗舰店
10127956763136,epcbook京东自营官方旗舰店
100133826752,京东京造自营旗舰店
100042985009,倍思（Baseus）京东自营旗舰店
100031532138,小米京东自营旗舰店
100144381044,绿联（UGREEN）京东自营旗舰店
100044819549,罗马仕京东自营旗舰店
10142242864010,IMF旗舰店
10090856414152,超级马官方旗舰店
100047622232,睿量（REMAX）京东自营旗舰店
10129004694713,炫威达旗舰店
100063803015,CUKTECH酷态科京东自营旗舰店
100172187106,倍思（Baseus）京东自营旗舰店
100066290036,绿联（UGREEN）京东自营旗舰店
100109593258,Anker京东自营旗舰店
10058663112762,IMEV官方旗舰店
10129866147676,闪科威旗舰店
100120245055,CUKTECH酷态科京东自营旗舰店
100135539621,小米京东自营旗舰店
100121760530,荣耀京东自营旗舰店
100061224749,品胜京东自营旗舰店
100047464848,倍思（Baseus）京东自营旗舰店
10129866147676,闪科威旗舰店
100075439621,罗马仕京东自营旗舰店
100125366365,Anker京东自营旗舰店
100149010326,Anker京东自营旗舰店
100106099450,CUKTECH酷态科京东自营旗舰店
100016436144,华为京东自营旗舰店
100200931898,罗马仕京东自营旗舰店
10144325775428,中诺 CHINOE手机配件旗舰店
100105445930,绿联（UGREEN）京东自营旗舰店
100200931926,倍思（Baseus）京东自营旗舰店
100213757200,CUKTECH酷态科京东自营旗舰店
10102333929747,Zokd旗舰店
10129004694713,炫威达旗舰店
100060192443,倍思（Baseus）京东自营旗舰店
100110785840,CUKTECH酷态科京东自营旗舰店
10119956611544,得意影音娱乐专营店
10141253217046,米链手机数码配件工作室
100133267851,CUKTECH酷态科京东自营旗舰店
10136859742730,犀狼得意专卖店
10060515593137,电沃达旗舰店
